BACnet Name,BACnet Type,Object ID,Description
CL1\FiltsAlarma,binary-input,"<binary-input,      41>","0=OK, 1=Alarma"
CL1\HorariActiu,binary-input,"<binary-input,       1>","0=Inactiu, 1=Actiu"
CL1\ImpTª,analog-input,"<analog-input,      37>",ºC
CL1\LimitCalor,analog-output,"<analog-output,       5>",ºC
CL1\LimitFred,analog-output,"<analog-output,       6>",ºC
CL1\RetTª,analog-input,"<analog-input,      39>",ºC
CL1\RetTªCngaE,analog-output,"<analog-output,       4>",ºC
CL1\RetTªCngaH,analog-output,"<analog-output,       3>",ºC
CL1\Selector,analog-output,"<analog-output,       1>","0=Off, 1=On, 2=Horari/Auto"
CL1\SelHorari,analog-output,"<analog-output,       2>","Min=1, Max=20"
CL1\V3VMando,analog-output,"<analog-output,      86>",0-100%
CL1\VentsAlarma,binary-input,"<binary-input,      39>","0=OK, 1=Alarma"
CL1\VentsEstat,binary-input,"<binary-input,       2>","0=Aturat, 1=En Marxa"
CL1\VentsHoresFunc,analog-output,"<analog-output,       7>",Hores
CL1\VentsRefVF,analog-output,"<analog-output,      87>",0-100%
CL1\VImpOM,binary-output,"<binary-output,      22>","0=Inactiu, 1=Actiu"
CL4\FiltsAlarma,binary-input,"<binary-input,      40>","0=OK, 1=Alarma"
CL4\HorariActiu,binary-input,"<binary-input,       3>","0=Inactiu, 1=Actiu"
CL4\ImpTª,analog-input,"<analog-input,      33>",ºC
CL4\LimitCalor,analog-output,"<analog-output,      12>",ºC
CL4\LimitFred,analog-output,"<analog-output,      13>",ºC
CL4\RetTª,analog-input,"<analog-input,      34>",ºC
CL4\RetTªCngaE,analog-output,"<analog-output,      11>",ºC
CL4\RetTªCngaH,analog-output,"<analog-output,      10>",ºC
CL4\Selector,analog-output,"<analog-output,       8>","0=Off, 1=On, 2=Horari/Auto"
CL4\SelHorari,analog-output,"<analog-output,       9>","Min=1, Max=20"
CL4\V3VMando,analog-output,"<analog-output,      88>",0-100%
CL4\VentsAlarma,binary-input,"<binary-input,      38>","0=OK, 1=Alarma"
CL14\FiltsAlarma,binary-input,"<binary-input,      37>","0=OK, 1=Alarma"
CL14\HorariActiu,binary-input,"<binary-input,      51>","0=Inactiu, 1=Actiu"
CL14\ImpTª,analog-input,"<analog-input,      35>",ºC
CL14\LimitCalor,analog-output,"<analog-output,      83>",ºC
CL14\LimitFred,analog-output,"<analog-output,      84>",ºC
CL14\RetTª,analog-input,"<analog-input,      36>",ºC
CL14\RetTªCngaE,analog-output,"<analog-output,      82>",ºC
CL14\RetTªCngaH,analog-output,"<analog-output,      81>",ºC
CL14\Selector,analog-output,"<analog-output,      79>","0=Off, 1=On, 2=Horari/Auto"
CL14\SelHorari,analog-output,"<analog-output,      80>","Min=1, Max=20"
CL14\V3VMando,analog-output,"<analog-output,      90>",0-100%
CL14\VentsAlarma,binary-input,"<binary-input,      36>","0=OK, 1=Alarma"
CL14\VentsEstat,binary-input,"<binary-input,      50>","0=Aturat, 1=En Marxa"
CL14\VentsHoresFunc,analog-output,"<analog-output,      85>",Hores
CL14\VentsRefVF,analog-output,"<analog-output,      91>",0-100%
CL14\VImpOM,binary-output,"<binary-output,      24>","0=Inactiu, 1=Actiu"
CL24\CompsEstMando,analog-output,"<analog-output,      92>",0-100%
CL24\FiltsAlarma,binary-input,"<binary-input,      43>","0=OK, 1=Alarma"
CL24\HorariActiu,binary-input,"<binary-input,       4>","0=Inactiu, 1=Actiu"
CL24\ImpTª,analog-input,"<analog-input,      24>",ºC
CL24\LimitCalor,analog-output,"<analog-output,      18>",ºC
CL24\LimitFred,analog-output,"<analog-output,      19>",ºC
Cl24\RenovaCnga,analog-output,"<analog-output,      20>",0-100%
CL24\RetHRª,analog-input,"<analog-input,      26>",0-100%
CL24\RetTª,analog-input,"<analog-input,      25>",ºC
CL24\RetTªCngaE,analog-output,"<analog-output,      17>",ºC
CL24\RetTªCngaH,analog-output,"<analog-output,      16>",ºC
CL24\Selector,analog-output,"<analog-output,      14>","0=Off, 1=On, 2=Horari/Auto"
CL24\SelHorari,analog-output,"<analog-output,      15>","Min=1, Max=20"
CL24\V3VMando,analog-input,"<analog-input,      44>",0-100%
CL24\VentsAlarma,binary-input,"<binary-input,      33>","0=OK, 1=Alarma"
CL24\VentsEstat,binary-input,"<binary-input,       5>","0=Aturat, 1=En Marxa"
CL24\VentsHoresFunc,analog-output,"<analog-output,      21>",Hores
CL24\VentsRefVF,analog-output,"<analog-output,      93>",0-100%
CL24\VImpOM,binary-output,"<binary-output,      25>","0=Inactiu, 1=Actiu"
CL25\CompsEstMando,analog-output,"<analog-output,      94>",0-100%
CL25\FiltsAlarma,binary-input,"<binary-input,      44>","0=OK, 1=Alarma"
CL25\HorariActiu,binary-input,"<binary-input,       6>","0=Inactiu, 1=Actiu"
CL25\ImpTª,analog-input,"<analog-input,      27>",ºC
CL25\LimitCalor,analog-output,"<analog-output,      26>",ºC
CL25\LimitFred,analog-output,"<analog-output,      27>",ºC
CL25\RenovaCnga,analog-output,"<analog-output,      28>",0-100%
CL25\RetHRª,analog-input,"<analog-input,      29>",0-100%
CL25\RetTª,analog-input,"<analog-input,      28>",ºC
CL25\RetTªCngaE,analog-output,"<analog-output,      25>",ºC
CL25\RetTªCngaH,analog-output,"<analog-output,      24>",ºC
CL25\Selector,analog-output,"<analog-output,      22>","0=Off, 1=On, 2=Horari/Auto"
CL25\SelHorari,analog-output,"<analog-output,      23>","Min=1, Max=20"
CL25\V3VMando,analog-output,"<analog-output,      96>",0-100%
CL25\VentsAlarma,binary-input,"<binary-input,      34>","0=OK, 1=Alarma"
CL25\VentsEstat,binary-input,"<binary-input,       7>","0=Aturat, 1=En Marxa"
CL25\VentsHoresFunc,analog-output,"<analog-output,      29>",Hores
CL25\VentsRefVF,analog-output,"<analog-output,      95>",0-100%
CL25\VImpOM,binary-output,"<binary-output,      26>","0=Inactiu, 1=Actiu"
CL26\CompsEstMando,analog-output,"<analog-output,      98>",0-100%
CL26\FiltsAlarma,binary-input,"<binary-input,      45>","0=OK, 1=Alarma"
CL26\HorariActiu,binary-input,"<binary-input,       8>","0=Inactiu, 1=Actiu"
CL26\ImpTª,analog-input,"<analog-input,      30>",ºC
CL26\LimitCalor,analog-output,"<analog-output,      35>",ºC
CL26\LimitFred,analog-output,"<analog-output,      36>",ºC
CL26\RenovaCnga,analog-output,"<analog-output,      37>",0-100%
CL26\RetHRª,analog-input,"<analog-input,      32>",0-100%
CL26\RetTª,analog-input,"<analog-input,      31>",ºC
CL26\RetTªCngaE,analog-output,"<analog-output,      34>",ºC
CL26\RetTªCngaH,analog-output,"<analog-output,      33>",ºC
CL26\Selector,analog-output,"<analog-output,      30>","0=Off, 1=On, 2=Horari/Auto"
CL26\SelHorari,analog-output,"<analog-output,      32>","Min=1, Max=20"
CL26\V3VMando,analog-input,"<analog-input,      45>",0-100%
CL26\VentsAlarma,binary-input,"<binary-input,      35>","0=OK, 1=Alarma"
CL26\VentsEstat,binary-input,"<binary-input,       9>","0=Aturat, 1=En Marxa"
CL26\VentsHoresFunc,analog-output,"<analog-output,      38>",Hores
CL26\VentsRefVF,analog-output,"<analog-output,      97>",0-100%
CL26\VImpOM,binary-output,"<binary-output,      27>","0=Inactiu, 1=Actiu"
CL56\CompsMando,analog-output,"<analog-output,      99>",0-100%
CL56\FiltsAlarma,binary-input,"<binary-input,      42>","0=OK, 1=Alarma"
CL56\HorariActiu,binary-input,"<binary-input,      10>","0=Inactiu, 1=Actiu"
CL56\ImpTª,analog-input,"<analog-input,      23>",ºC
CL56\ImpTªCngaE,analog-output,"<analog-output,      41>",ºC
CL56\ImpTªCngaH,analog-output,"<analog-output,      42>",ºC
CL56\RetTª,analog-input,"<analog-input,      38>",ºC
CL56\Selector,analog-output,"<analog-output,      39>","0=Off, 1=On, 2=Horari/Auto"
CL56\SelHorari,analog-output,"<analog-output,      40>","Min=1, Max=20"
CL56\VeloCnga,analog-output,"<analog-output,      44>",0-100%
CL56\VentsAlarma,binary-input,"<binary-input,      32>","0=OK, 1=Alarma"
CL56\VentsEstat,binary-input,"<binary-input,      11>","0=Aturat, 1=En Marxa"
CL56\VentsHoresFunc,analog-output,"<analog-output,      45>",Hores
CL56\VentsRefVF,analog-output,"<analog-output,     100>",0-100%
CL56\VImpOM,binary-output,"<binary-output,      28>","0=Inactiu, 1=Actiu"
CL56\VRetOM,binary-output,"<binary-output,      29>","0=Inactiu, 1=Actiu"
B1\OM,binary-output,"<binary-output,      32>","0=Inactiu, 1=Actiu"
B2\OM,binary-output,"<binary-output,      33>","0=Inactiu, 1=Actiu"
B3\OM,binary-output,"<binary-output,      34>","0=Inactiu, 1=Actiu"
B4\Estat,binary-input,"<binary-input,      48>","0=Aturat, 1=En Marxa"
B4\HorariActiu,binary-input,"<binary-input,      12>","0=Inactiu, 1=Actiu"
B4\HoresFnc,analog-output,"<analog-output,      49>",Hores
B4\ImpTª,analog-input,"<analog-input,      19>",ºC
B4\ImpTªCnga,analog-output,"<analog-output,      48>",ºC
B4\OM,binary-output,"<binary-output,      38>","0=Inactiu, 1=Actiu"
B4\Selector,analog-output,"<analog-output,      46>","0=Off, 1=On, 2=Horari/Auto"
B4\SelHorari,analog-output,"<analog-output,      47>","Min=1, Max=20"
B5\Estat,binary-input,"<binary-input,      49>","0=Aturat, 1=En Marxa"
B5\HorariActiu,binary-input,"<binary-input,      13>","0=Inactiu, 1=Actiu"
B5\HoresFnc,analog-output,"<analog-output,      53>",Hores
B5\ImpTª,analog-input,"<analog-input,      20>",ºC
B5\ImpTªCnga,analog-output,"<analog-output,      52>",ºC
B5\OM,binary-output,"<binary-output,      39>","0=Inactiu, 1=Actiu"
B5\Selector,analog-output,"<analog-output,      50>","0=Off, 1=On, 2=Horari/Auto"
B5\SelHorari,analog-output,"<analog-output,      51>","Min=1, Max=20"
B6\Estat,binary-input,"<binary-input,      47>","0=Aturat, 1=En Marxa"
B6\HorariActiu,binary-input,"<binary-input,      14>","0=Inactiu, 1=Actiu"
B6\HoresFnc,analog-output,"<analog-output,      57>",Hores
B6\ImpTª,analog-input,"<analog-input,      18>",ºC
B6\ImpTªCnga,analog-output,"<analog-output,      56>",ºC
B6\OM,binary-output,"<binary-output,      37>","0=Inactiu, 1=Actiu"
B6\Selector,analog-output,"<analog-output,      54>","0=Off, 1=On, 2=Horari/Auto"
B6\SelHorari,analog-output,"<analog-output,      55>","Min=1, Max=20"
B8\Estat,binary-input,"<binary-input,      30>","0=Aturat, 1=En Marxa"
B8\HorariActiu,binary-input,"<binary-input,      15>","0=Inactiu, 1=Actiu"
B8\HoresFnc,analog-output,"<analog-output,      60>",Hores
B8\OM,binary-output,"<binary-output,      42>","0=Inactiu, 1=Actiu"
B8\Selector,analog-output,"<analog-output,      58>","0=Off, 1=On, 2=Horari/Auto"
B8\SelHorari,analog-output,"<analog-output,      59>","Min=1, Max=20"
Caldera\AlarmaFluxe,binary-input,"<binary-input,      24>","0=OK, 1=Alarma"
Caldera\AlarmaFums,binary-input,"<binary-input,      23>","0=OK, 1=Alarma"
Caldera\AlarmaPress,binary-input,"<binary-input,      27>","0=OK, 1=Alarma"
Caldera\AlternHores,analog-output,"<analog-output,     102>",Hores
Caldera\BBA1_OM,binary-output,"<binary-output,      44>","0=Inactiu, 1=Actiu"
Caldera\BBA2_OM,binary-output,"<binary-output,      45>","0=Inactiu, 1=Actiu"
Caldera\BBAsEstat,binary-input,"<binary-input,      28>","0=Aturat, 1=En Marxa"
Caldera\Estat,binary-input,"<binary-input,      17>","0=Aturat, 1=En Marxa"
Caldera\HorariActiu,binary-input,"<binary-input,      16>","0=Inactiu, 1=Actiu"
Caldera\HoresFnc,analog-output,"<analog-output,      63>",Hores
Caldera\ImpTª,analog-input,"<analog-input,       9>",ºC
Caldera\OM,binary-output,"<binary-output,      31>","0=Inactiu, 1=Actiu"
Caldera\RetTª,analog-input,"<analog-input,      10>",ºC
Caldera\Selector,analog-output,"<analog-output,      61>","0=Off, 1=On, 2=Horari/Auto"
Caldera\SelHorari,analog-output,"<analog-output,      62>","Min=1, Max=20"
H_E,binary-output,"<binary-output,      46>","0=Hivern, 1=Estiu"
PF\Alarma,binary-input,"<binary-input,      22>","0=OK, 1=Alarma"
PF\AlarmaPress,binary-input,"<binary-input,      26>","0=OK, 1=Alarma"
PF\Estat,binary-input,"<binary-input,      19>","0=Aturat, 1=En Marxa"
PF\HorariActiu,binary-input,"<binary-input,      18>","0=Inactiu, 1=Actiu"
PF\HoresFnc,analog-output,"<analog-output,      66>",Hores
PF\ImpTª,analog-input,"<analog-input,       7>",ºC
PF\OM,binary-output,"<binary-output,      30>","0=Inactiu, 1=Actiu"
PF\RetTª,analog-input,"<analog-input,       8>",ºC
PF\Selector,analog-output,"<analog-output,      64>","0=Off, 1=On, 2=Horari/Auto"
PF\SelHorari,analog-output,"<analog-output,      65>","Min=1, Max=20"
ProdACS\DipsCngaLegio,analog-output,"<analog-output,      71>",ºC
ProdACS\DipTª,analog-input,"<analog-input,      13>",ºC
ProdACS\DipTªCnga,analog-output,"<analog-output,      69>",ºC
ProdACS\Estat,binary-input,"<binary-input,      29>","0=Aturat, 1=En Marxa"
ProdACS\HorariActiu,binary-input,"<binary-input,      21>","0=Inactiu, 1=Actiu"
ProdACS\HoresFnc,analog-output,"<analog-output,      75>",Hores
ProdACS\LegioActiva,binary-input,"<binary-input,      20>","0=Inactiu, 1=Actiu"
ProdACS\LegioV2VMando,analog-output,"<analog-output,     101>",0-100%
ProdACS\OM,binary-output,"<binary-output,      43>","0=Inactiu, 1=Actiu"
ProdACS\PrimVescInTª,analog-input,"<analog-input,      40>",ºC
ProdACS\PrimVescOutTª,analog-input,"<analog-input,      41>",ºC
ProdACS\SecBescSortTªCnga,analog-output,"<analog-output,      73>",ºC
ProdACS\SecBescSortTªLegio,analog-output,"<analog-output,      74>",ºC
ProdACS\SecVescInTª,analog-input,"<analog-input,      14>",ºC
ProdACS\SecVescOutTª,analog-input,"<analog-input,      15>",ºC
ProdACS\SelecLegio,analog-output,"<analog-output,      70>","0=Off, 1=On, 2=Horari/Auto"
ProdACS\Selector,analog-output,"<analog-output,      67>","0=Off, 1=On, 2=Horari/Auto"
ProdACS\SelHorariLegio,analog-output,"<analog-output,      68>","Min=1, Max=20"
ProdACS\TempoLegio,analog-output,"<analog-output,      72>",Minuts
RecirACS\ImpTª,analog-input,"<analog-input,      16>",ºC
RecirACS\RetTª,analog-input,"<analog-input,      17>",ºC
Solar\AeroHoresFunc,analog-output,"<analog-output,      78>",Hores
Solar\AeroOM,binary-output,"<binary-output,      36>","0=Inactiu, 1=Actiu"
Solar\BBAEstat,binary-input,"<binary-input,      31>","0=Aturat, 1=En Marxa"
Solar\BBAHoresFunc,analog-output,"<analog-output,      77>",Hores
Solar\BBAOM,binary-output,"<binary-output,      35>","0=Inactiu, 1=Actiu"
Solar\DipTª_2,analog-input,"<analog-input,      42>",ºC
Solar\PlaquesTª_2,analog-input,"<analog-input,      43>",ºC
Solar\Selector,analog-output,"<analog-output,      76>","0=Off, 1=On, 2=Horari/Auto"
ColImpTª,analog-input,"<analog-input,      11>",Tª Colector Impulsió
ColRetTª,analog-input,"<analog-input,      12>",Tª Colector Retorn
ExtHR_2,analog-input,"<analog-input,      22>",Humitat Relatixa Exterior
ExtTª_2,analog-input,"<analog-input,      21>",Temperatura Exterior
Fancoils\GralCngaTªE,analog-output,"<analog-output,     272>",Consigna Generat Fancoils Estiu
Fancoils\GralCngaTªH,analog-output,"<analog-output,     273>",Consigna Generat Fancoils Hivern
Fancoils\GralLimitTª,analog-output,"<analog-output,     274>",Limitació +/- ºC als termostats fancoins
Incendis,binary-input,"<binary-input,      25>",
FC1\CngaLocalE,analog-output,"<analog-output,     105>",Consigna Local Estiu
FC1\CngaLocalH,analog-output,"<analog-output,     106>",Consigna Local Hivern
FC1\Cooling Output,binary-input,"<binary-input,      52>",Estat Vàlvula
FC1\EffectOcc,multi-state-input,"<multi-state-input,       1>",Estat D'Ocupació
FC1\High Speed Fan Output,binary-input,"<binary-input,      54>",Estat Velocitat Alta Ventilador
FC1\Low SpeedFan Output,binary-input,"<binary-input,      55>",Estat Velocitat Baixa Ventilador
FC1\Medium Speed Fan Output,binary-input,"<binary-input,      56>",Estat Velocitat Mitja Ventilador
FC1\Occupied Cool Setpoint,analog-input,"<analog-input,       1>",Consigna Real Ocupació Fred
FC1\Occupied Heat Setpoint,analog-input,"<analog-input,       2>",Consigna Real Ocupació Calor
FC1\Room Humidity,analog-input,"<analog-input,       3>",Humitat de Sala
FC1\Room Temperature,analog-input,"<analog-input,       4>",Temperatura de Sala
FC1\Selector,analog-output,"<analog-output,     103>","0:Off, 1:Detector, 2:Horari"
FC1\SelGenLoc,binary-output,"<binary-output,      47>","Consigna Aplicada, 0:General, 1:Local"
FC1\SelHorari,analog-output,"<analog-output,     104>",Selector Horari (1-20)
FC1\System Mode,multi-state-input,"<multi-state-input,       2>","Mode de funcionament 1:Off, 2:Auto, 3:Fred, 4:Calor"
FC2\CngaLocalE,analog-output,"<analog-output,      31>",Consigna Local Estiu
FC2\CngaLocalH,analog-output,"<analog-output,      43>",Consigna Local Hivern
FC2\Cooling Output,binary-input,"<binary-input,      57>",Estat Vàlvula
FC2\EffectOcc,multi-state-input,"<multi-state-input,       3>",Estat D'Ocupació
FC2\High Speed Fan Output,binary-input,"<binary-input,      58>",Estat Velocitat Alta Ventilador
FC2\Low SpeedFan Output,binary-input,"<binary-input,      59>",Estat Velocitat Baixa Ventilador
FC2\Medium Speed Fan Output,binary-input,"<binary-input,      60>",Estat Velocitat Mitja Ventilador
FC2\Occupied Cool Setpoint,analog-input,"<analog-input,       5>",Consigna Real Ocupació Fred
FC2\Occupied Heat Setpoint,analog-input,"<analog-input,       6>",Consigna Real Ocupació Calor
FC2\Room Humidity,analog-input,"<analog-input,      46>",Humitat de Sala
FC2\Room Temperature,analog-input,"<analog-input,      47>",Temperatura de Sala
FC2\Selector,analog-output,"<analog-output,     107>","0:Off, 1:Detector, 2:Horari"
FC2\SelGenLoc,binary-output,"<binary-output,       2>","Consigna Aplicada, 0:General, 1:Local"
FC2\SelHorari,analog-output,"<analog-output,      89>",Selector Horari (1-20)
FC2\System Mode,multi-state-input,"<multi-state-input,       4>","Mode de funcionament 1:Off, 2:Auto, 3:Fred, 4:Calor"
FC3\CngaLocalE,analog-output,"<analog-output,     108>",Consigna Local Estiu
FC3\CngaLocalH,analog-output,"<analog-output,     109>",Consigna Local Hivern
FC3\Cooling Output,binary-input,"<binary-input,      53>",Estat Vàlvula
FC3\EffectOcc,multi-state-input,"<multi-state-input,       5>",Estat D'Ocupació
FC3\High Speed Fan Output,binary-input,"<binary-input,      61>",Estat Velocitat Alta Ventilador
FC3\Low SpeedFan Output,binary-input,"<binary-input,      62>",Estat Velocitat Baixa Ventilador
FC3\Medium Speed Fan Output,binary-input,"<binary-input,      63>",Estat Velocitat Mitja Ventilador
FC3\Occupied Cool Setpoint,analog-input,"<analog-input,      48>",Consigna Real Ocupació Fred
FC3\Occupied Heat Setpoint,analog-input,"<analog-input,      49>",Consigna Real Ocupació Calor
FC3\Room Humidity,analog-input,"<analog-input,      50>",Humitat de Sala
FC3\Room Temperature,analog-input,"<analog-input,      51>",Temperatura de Sala
FC3\Selector,analog-output,"<analog-output,     111>","0:Off, 1:Detector, 2:Horari"
FC3\SelGenLoc,binary-output,"<binary-output,       1>","Consigna Aplicada, 0:General, 1:Local"
FC3\SelHorari,analog-output,"<analog-output,     110>",Selector Horari (1-20)
FC3\System Mode,multi-state-input,"<multi-state-input,       6>","Mode de funcionament 1:Off, 2:Auto, 3:Fred, 4:Calor"
FC4\CngaLocalE,analog-output,"<analog-output,     118>",Consigna Local Estiu
FC4\CngaLocalH,analog-output,"<analog-output,     117>",Consigna Local Hivern
FC4\Cooling Output,binary-input,"<binary-input,      71>",Estat Vàlvula
FC4\EffectOcc,multi-state-input,"<multi-state-input,      10>",Estat D'Ocupació
FC4\High Speed Fan Output,binary-input,"<binary-input,      70>",Estat Velocitat Alta Ventilador
FC4\Low SpeedFan Output,binary-input,"<binary-input,      69>",Estat Velocitat Baixa Ventilador
FC4\Medium Speed Fan Output,binary-input,"<binary-input,      68>",Estat Velocitat Mitja Ventilador
FC4\Occupied Cool Setpoint,analog-input,"<analog-input,      58>",Consigna Real Ocupació Fred
FC4\Occupied Heat Setpoint,analog-input,"<analog-input,      56>",Consigna Real Ocupació Calor
FC4\Room Humidity,analog-input,"<analog-input,      59>",Humitat de Sala
FC4\Room Temperature,analog-input,"<analog-input,      57>",Temperatura de Sala
FC4\Selector,analog-output,"<analog-output,     116>","0:Off, 1:Detector, 2:Horari"
FC4\SelGenLoc,binary-output,"<binary-output,       4>","Consigna Aplicada, 0:General, 1:Local"
FC4\SelHorari,analog-output,"<analog-output,     119>",Selector Horari (1-20)
FC4\System Mode,multi-state-input,"<multi-state-input,       9>","Mode de funcionament 1:Off, 2:Auto, 3:Fred, 4:Calor"
FC5\CngaLocalE,analog-output,"<analog-output,     123>",Consigna Local Estiu
FC5\CngaLocalH,analog-output,"<analog-output,     122>",Consigna Local Hivern
FC5\Cooling Output,binary-input,"<binary-input,      74>",Estat Vàlvula
FC5\EffectOcc,multi-state-input,"<multi-state-input,      11>",Estat D'Ocupació
FC5\High Speed Fan Output,binary-input,"<binary-input,      73>",Estat Velocitat Alta Ventilador
FC5\Low SpeedFan Output,binary-input,"<binary-input,      72>",Estat Velocitat Baixa Ventilador
FC5\Medium Speed Fan Output,binary-input,"<binary-input,      75>",Estat Velocitat Mitja Ventilador
FC5\Occupied Cool Setpoint,analog-input,"<analog-input,      63>",Consigna Real Ocupació Fred
FC5\Occupied Heat Setpoint,analog-input,"<analog-input,      62>",Consigna Real Ocupació Calor
FC5\Room Humidity,analog-input,"<analog-input,      61>",Humitat de Sala
FC5\Room Temperature,analog-input,"<analog-input,      60>",Temperatura de Sala
FC5\Selector,analog-output,"<analog-output,     120>","0:Off, 1:Detector, 2:Horari"
FC5\SelGenLoc,binary-output,"<binary-output,       5>","Consigna Aplicada, 0:General, 1:Local"
FC5\SelHorari,analog-output,"<analog-output,     121>",Selector Horari (1-20)
FC5\System Mode,multi-state-input,"<multi-state-input,      12>","Mode de funcionament 1:Off, 2:Auto, 3:Fred, 4:Calor"
FC6\CngaLocalE,analog-output,"<analog-output,     127>",Consigna Local Estiu
FC6\CngaLocalH,analog-output,"<analog-output,     126>",Consigna Local Hivern
FC6\Cooling Output,binary-input,"<binary-input,      78>",Estat Vàlvula
FC6\EffectOcc,multi-state-input,"<multi-state-input,      13>",Estat D'Ocupació
FC6\High Speed Fan Output,binary-input,"<binary-input,      77>",Estat Velocitat Alta Ventilador
FC6\Low SpeedFan Output,binary-input,"<binary-input,      76>",Estat Velocitat Baixa Ventilador
FC6\Medium Speed Fan Output,binary-input,"<binary-input,      79>",Estat Velocitat Mitja Ventilador
FC6\Occupied Cool Setpoint,analog-input,"<analog-input,      67>",Consigna Real Ocupació Fred
FC6\Occupied Heat Setpoint,analog-input,"<analog-input,      66>",Consigna Real Ocupació Calor
FC6\Room Humidity,analog-input,"<analog-input,      65>",Humitat de Sala
FC6\Room Temperature,analog-input,"<analog-input,      64>",Temperatura de Sala
FC6\Selector,analog-output,"<analog-output,     124>","0:Off, 1:Detector, 2:Horari"
FC6\SelGenLoc,binary-output,"<binary-output,       6>","Consigna Aplicada, 0:General, 1:Local"
FC6\SelHorari,analog-output,"<analog-output,     125>",Selector Horari (1-20)
FC6\System Mode,multi-state-input,"<multi-state-input,      14>","Mode de funcionament 1:Off, 2:Auto, 3:Fred, 4:Calor"
FC7\CngaLocalE,analog-output,"<analog-output,     131>",Consigna Local Estiu
FC7\CngaLocalH,analog-output,"<analog-output,     130>",Consigna Local Hivern
FC7\Cooling Output,binary-input,"<binary-input,      82>",Estat Vàlvula
FC7\EffectOcc,multi-state-input,"<multi-state-input,      15>",Estat D'Ocupació
FC7\High Speed Fan Output,binary-input,"<binary-input,      81>",Estat Velocitat Alta Ventilador
FC7\Low SpeedFan Output,binary-input,"<binary-input,      80>",Estat Velocitat Baixa Ventilador
FC7\Medium Speed Fan Output,binary-input,"<binary-input,      83>",Estat Velocitat Mitja Ventilador
FC7\Occupied Cool Setpoint,analog-input,"<analog-input,      71>",Consigna Real Ocupació Fred
FC7\Occupied Heat Setpoint,analog-input,"<analog-input,      70>",Consigna Real Ocupació Calor
FC7\Room Humidity,analog-input,"<analog-input,      69>",Humitat de Sala
FC7\Room Temperature,analog-input,"<analog-input,      68>",Temperatura de Sala
FC7\Selector,analog-output,"<analog-output,     128>","0:Off, 1:Detector, 2:Horari"
FC7\SelGenLoc,binary-output,"<binary-output,       7>","Consigna Aplicada, 0:General, 1:Local"
FC7\SelHorari,analog-output,"<analog-output,     129>",Selector Horari (1-20)
FC7\System Mode,multi-state-input,"<multi-state-input,      16>","Mode de funcionament 1:Off, 2:Auto, 3:Fred, 4:Calor"
FC8\CngaLocalE,analog-output,"<analog-output,     135>",Consigna Local Estiu
FC8\CngaLocalH,analog-output,"<analog-output,     134>",Consigna Local Hivern
FC8\Cooling Output,binary-input,"<binary-input,      87>",Estat Vàlvula
FC8\EffectOcc,multi-state-input,"<multi-state-input,      18>",Estat D'Ocupació
FC8\High Speed Fan Output,binary-input,"<binary-input,      86>",Estat Velocitat Alta Ventilador
FC8\Low SpeedFan Output,binary-input,"<binary-input,      85>",Estat Velocitat Baixa Ventilador
FC8\Medium Speed Fan Output,binary-input,"<binary-input,      84>",Estat Velocitat Mitja Ventilador
FC8\Occupied Cool Setpoint,analog-input,"<analog-input,      75>",Consigna Real Ocupació Fred
FC8\Occupied Heat Setpoint,analog-input,"<analog-input,      74>",Consigna Real Ocupació Calor
FC8\Room Humidity,analog-input,"<analog-input,      73>",Humitat de Sala
FC8\Room Temperature,analog-input,"<analog-input,      72>",Temperatura de Sala
FC8\Selector,analog-output,"<analog-output,     132>","0:Off, 1:Detector, 2:Horari"
FC8\SelGenLoc,binary-output,"<binary-output,       8>","Consigna Aplicada, 0:General, 1:Local"
FC8\SelHorari,analog-output,"<analog-output,     133>",Selector Horari (1-20)
FC8\System Mode,multi-state-input,"<multi-state-input,      17>","Mode de funcionament 1:Off, 2:Auto, 3:Fred, 4:Calor"
FC9\CngaLocalE,analog-output,"<analog-output,     139>",Consigna Local Estiu
FC9\CngaLocalH,analog-output,"<analog-output,     138>",Consigna Local Hivern
FC9\Cooling Output,binary-input,"<binary-input,      90>",Estat Vàlvula
FC9\EffectOcc,multi-state-input,"<multi-state-input,      19>",Estat D'Ocupació
FC9\High Speed Fan Output,binary-input,"<binary-input,      89>",Estat Velocitat Alta Ventilador
FC9\Low SpeedFan Output,binary-input,"<binary-input,      88>",Estat Velocitat Baixa Ventilador
FC9\Medium Speed Fan Output,binary-input,"<binary-input,      91>",Estat Velocitat Mitja Ventilador
FC9\Occupied Cool Setpoint,analog-input,"<analog-input,      79>",Consigna Real Ocupació Fred
FC9\Occupied Heat Setpoint,analog-input,"<analog-input,      78>",Consigna Real Ocupació Calor
FC9\Room Humidity,analog-input,"<analog-input,      77>",Humitat de Sala
FC9\Room Temperature,analog-input,"<analog-input,      76>",Temperatura de Sala
FC9\Selector,analog-output,"<analog-output,     136>","0:Off, 1:Detector, 2:Horari"
FC9\SelGenLoc,binary-output,"<binary-output,       9>","Consigna Aplicada, 0:General, 1:Local"
FC9\SelHorari,analog-output,"<analog-output,     137>",Selector Horari (1-20)
FC9\System Mode,multi-state-input,"<multi-state-input,      20>","Mode de funcionament 1:Off, 2:Auto, 3:Fred, 4:Calor"
FC10\CngaLocalE,analog-output,"<analog-output,     143>",Consigna Local Estiu
FC10\CngaLocalH,analog-output,"<analog-output,     142>",Consigna Local Hivern
FC10\Cooling Output,binary-input,"<binary-input,      94>",Estat Vàlvula
FC10\EffectOcc,multi-state-input,"<multi-state-input,      21>",Estat D'Ocupació
FC10\High Speed Fan Output,binary-input,"<binary-input,      93>",Estat Velocitat Alta Ventilador
FC10\Low SpeedFan Output,binary-input,"<binary-input,      92>",Estat Velocitat Baixa Ventilador
FC10\Medium Speed Fan Output,binary-input,"<binary-input,      95>",Estat Velocitat Mitja Ventilador
FC10\Occupied Cool Setpoint,analog-input,"<analog-input,      83>",Consigna Real Ocupació Fred
FC10\Occupied Heat Setpoint,analog-input,"<analog-input,      82>",Consigna Real Ocupació Calor
FC10\Room Humidity,analog-input,"<analog-input,      81>",Humitat de Sala
FC10\Room Temperature,analog-input,"<analog-input,      80>",Temperatura de Sala
FC10\Selector,analog-output,"<analog-output,     140>","0:Off, 1:Detector, 2:Horari"
FC10\SelGenLoc,binary-output,"<binary-output,      10>","Consigna Aplicada, 0:General, 1:Local"
FC10\SelHorari,analog-output,"<analog-output,     141>",Selector Horari (1-20)
FC10\System Mode,multi-state-input,"<multi-state-input,      22>","Mode de funcionament 1:Off, 2:Auto, 3:Fred, 4:Calor"
FC11\CngaLocalE,analog-output,"<analog-output,     147>",Consigna Local Estiu
FC11\CngaLocalH,analog-output,"<analog-output,     146>",Consigna Local Hivern
FC11\Cooling Output,binary-input,"<binary-input,      98>",Estat Vàlvula
FC11\EffectOcc,multi-state-input,"<multi-state-input,      23>",Estat D'Ocupació
FC11\High Speed Fan Output,binary-input,"<binary-input,      97>",Estat Velocitat Alta Ventilador
FC11\Low SpeedFan Output,binary-input,"<binary-input,      96>",Estat Velocitat Baixa Ventilador
FC11\Medium Speed Fan Output,binary-input,"<binary-input,      99>",Estat Velocitat Mitja Ventilador
FC11\Occupied Cool Setpoint,analog-input,"<analog-input,      87>",Consigna Real Ocupació Fred
FC11\Occupied Heat Setpoint,analog-input,"<analog-input,      86>",Consigna Real Ocupació Calor
FC11\Room Humidity,analog-input,"<analog-input,      85>",Humitat de Sala
FC11\Room Temperature,analog-input,"<analog-input,      84>",Temperatura de Sala
FC11\Selector,analog-output,"<analog-output,     144>","0:Off, 1:Detector, 2:Horari"
FC11\SelGenLoc,binary-output,"<binary-output,      11>","Consigna Aplicada, 0:General, 1:Local"
FC11\SelHorari,analog-output,"<analog-output,     145>",Selector Horari (1-20)
FC11\System Mode,multi-state-input,"<multi-state-input,      24>","Mode de funcionament 1:Off, 2:Auto, 3:Fred, 4:Calor"
FC12\CngaLocalE,analog-output,"<analog-output,     151>",Consigna Local Estiu
FC12\CngaLocalH,analog-output,"<analog-output,     150>",Consigna Local Hivern
FC12\Cooling Output,binary-input,"<binary-input,     102>",Estat Vàlvula
FC12\EffectOcc,multi-state-input,"<multi-state-input,      25>",Estat D'Ocupació
FC12\High Speed Fan Output,binary-input,"<binary-input,     101>",Estat Velocitat Alta Ventilador
FC12\Low SpeedFan Output,binary-input,"<binary-input,     100>",Estat Velocitat Baixa Ventilador
FC12\Medium Speed Fan Output,binary-input,"<binary-input,     103>",Estat Velocitat Mitja Ventilador
FC12\Occupied Cool Setpoint,analog-input,"<analog-input,      90>",Consigna Real Ocupació Fred
FC12\Occupied Heat Setpoint,analog-input,"<analog-input,      89>",Consigna Real Ocupació Calor
FC12\Room Humidity,analog-input,"<analog-input,      88>",Humitat de Sala
FC12\Room Temperature,analog-input,"<analog-input,      91>",Temperatura de Sala
FC12\Selector,analog-output,"<analog-output,     148>","0:Off, 1:Detector, 2:Horari"
FC12\SelGenLoc,binary-output,"<binary-output,      12>","Consigna Aplicada, 0:General, 1:Local"
FC12\SelHorari,analog-output,"<analog-output,     149>",Selector Horari (1-20)
FC12\System Mode,multi-state-input,"<multi-state-input,      26>","Mode de funcionament 1:Off, 2:Auto, 3:Fred, 4:Calor"
FC13\CngaLocalE,analog-output,"<analog-output,     155>",Consigna Local Estiu
FC13\CngaLocalH,analog-output,"<analog-output,     154>",Consigna Local Hivern
FC13\Cooling Output,binary-input,"<binary-input,     106>",Estat Vàlvula
FC13\EffectOcc,multi-state-input,"<multi-state-input,      27>",Estat D'Ocupació
FC13\High Speed Fan Output,binary-input,"<binary-input,     105>",Estat Velocitat Alta Ventilador
FC13\Low SpeedFan Output,binary-input,"<binary-input,     104>",Estat Velocitat Baixa Ventilador
FC13\Medium Speed Fan Output,binary-input,"<binary-input,     107>",Estat Velocitat Mitja Ventilador
FC13\Occupied Cool Setpoint,analog-input,"<analog-input,      95>",Consigna Real Ocupació Fred
FC13\Occupied Heat Setpoint,analog-input,"<analog-input,      94>",Consigna Real Ocupació Calor
FC13\Room Humidity,analog-input,"<analog-input,      93>",Humitat de Sala
FC13\Room Temperature,analog-input,"<analog-input,      92>",Temperatura de Sala
FC13\Selector,analog-output,"<analog-output,     152>","0:Off, 1:Detector, 2:Horari"
FC13\SelGenLoc,binary-output,"<binary-output,      13>","Consigna Aplicada, 0:General, 1:Local"
FC13\SelHorari,analog-output,"<analog-output,     153>",Selector Horari (1-20)
FC13\System Mode,multi-state-input,"<multi-state-input,      28>","Mode de funcionament 1:Off, 2:Auto, 3:Fred, 4:Calor"
FC14\CngaLocalE,analog-output,"<analog-output,     159>",Consigna Local Estiu
FC14\CngaLocalH,analog-output,"<analog-output,     158>",Consigna Local Hivern
FC14\Cooling Output,binary-input,"<binary-input,     110>",Estat Vàlvula
FC14\EffectOcc,multi-state-input,"<multi-state-input,      29>",Estat D'Ocupació
FC14\High Speed Fan Output,binary-input,"<binary-input,     109>",Estat Velocitat Alta Ventilador
FC14\Low SpeedFan Output,binary-input,"<binary-input,     108>",Estat Velocitat Baixa Ventilador
FC14\Medium Speed Fan Output,binary-input,"<binary-input,     111>",Estat Velocitat Mitja Ventilador
FC14\Occupied Cool Setpoint,analog-input,"<analog-input,      99>",Consigna Real Ocupació Fred
FC14\Occupied Heat Setpoint,analog-input,"<analog-input,      98>",Consigna Real Ocupació Calor
FC14\Room Humidity,analog-input,"<analog-input,      97>",Humitat de Sala
FC14\Room Temperature,analog-input,"<analog-input,      96>",Temperatura de Sala
FC14\Selector,analog-output,"<analog-output,     156>","0:Off, 1:Detector, 2:Horari"
FC14\SelGenLoc,binary-output,"<binary-output,      14>","Consigna Aplicada, 0:General, 1:Local"
FC14\SelHorari,analog-output,"<analog-output,     157>",Selector Horari (1-20)
FC14\System Mode,multi-state-input,"<multi-state-input,      30>","Mode de funcionament 1:Off, 2:Auto, 3:Fred, 4:Calor"
FC15\CngaLocalE,analog-output,"<analog-output,     163>",Consigna Local Estiu
FC15\CngaLocalH,analog-output,"<analog-output,     162>",Consigna Local Hivern
FC15\Cooling Output,binary-input,"<binary-input,     114>",Estat Vàlvula
FC15\EffectOcc,multi-state-input,"<multi-state-input,      31>",Estat D'Ocupació
FC15\High Speed Fan Output,binary-input,"<binary-input,     113>",Estat Velocitat Alta Ventilador
FC15\Low SpeedFan Output,binary-input,"<binary-input,     112>",Estat Velocitat Baixa Ventilador
FC15\Medium Speed Fan Output,binary-input,"<binary-input,     115>",Estat Velocitat Mitja Ventilador
FC15\Occupied Cool Setpoint,analog-input,"<analog-input,     103>",Consigna Real Ocupació Fred
FC15\Occupied Heat Setpoint,analog-input,"<analog-input,     102>",Consigna Real Ocupació Calor
FC15\Room Humidity,analog-input,"<analog-input,     101>",Humitat de Sala
FC15\Room Temperature,analog-input,"<analog-input,     100>",Temperatura de Sala
FC15\Selector,analog-output,"<analog-output,     160>","0:Off, 1:Detector, 2:Horari"
FC15\SelGenLoc,binary-output,"<binary-output,      15>","Consigna Aplicada, 0:General, 1:Local"
FC15\SelHorari,analog-output,"<analog-output,     161>",Selector Horari (1-20)
FC15\System Mode,multi-state-input,"<multi-state-input,      32>","Mode de funcionament 1:Off, 2:Auto, 3:Fred, 4:Calor"
FC16\CngaLocalE,analog-output,"<analog-output,     167>",Consigna Local Estiu
FC16\CngaLocalH,analog-output,"<analog-output,     166>",Consigna Local Hivern
FC16\Cooling Output,binary-input,"<binary-input,     118>",Estat Vàlvula
FC16\EffectOcc,multi-state-input,"<multi-state-input,      33>",Estat D'Ocupació
FC16\High Speed Fan Output,binary-input,"<binary-input,     117>",Estat Velocitat Alta Ventilador
FC16\Low SpeedFan Output,binary-input,"<binary-input,     116>",Estat Velocitat Baixa Ventilador
FC16\Medium Speed Fan Output,binary-input,"<binary-input,     119>",Estat Velocitat Mitja Ventilador
FC16\Occupied Cool Setpoint,analog-input,"<analog-input,     107>",Consigna Real Ocupació Fred
FC16\Occupied Heat Setpoint,analog-input,"<analog-input,     106>",Consigna Real Ocupació Calor
FC16\Room Humidity,analog-input,"<analog-input,     105>",Humitat de Sala
FC16\Room Temperature,analog-input,"<analog-input,     104>",Temperatura de Sala
FC16\Selector,analog-output,"<analog-output,     164>","0:Off, 1:Detector, 2:Horari"
FC16\SelGenLoc,binary-output,"<binary-output,      16>","Consigna Aplicada, 0:General, 1:Local"
FC16\SelHorari,analog-output,"<analog-output,     165>",Selector Horari (1-20)
FC16\System Mode,multi-state-input,"<multi-state-input,      34>","Mode de funcionament 1:Off, 2:Auto, 3:Fred, 4:Calor"
FC17\CngaLocalE,analog-output,"<analog-output,     168>",Consigna Local Estiu
FC17\CngaLocalH,analog-output,"<analog-output,     169>",Consigna Local Hivern
FC17\Cooling Output,binary-input,"<binary-input,     120>",Estat Vàlvula
FC17\EffectOcc,multi-state-input,"<multi-state-input,      35>",Estat D'Ocupació
FC17\High Speed Fan Output,binary-input,"<binary-input,     121>",Estat Velocitat Alta Ventilador
FC17\Low SpeedFan Output,binary-input,"<binary-input,     122>",Estat Velocitat Baixa Ventilador
FC17\Medium Speed Fan Output,binary-input,"<binary-input,     123>",Estat Velocitat Mitja Ventilador
FC17\Occupied Cool Setpoint,analog-input,"<analog-input,     108>",Consigna Real Ocupació Fred
FC17\Occupied Heat Setpoint,analog-input,"<analog-input,     109>",Consigna Real Ocupació Calor
FC17\Room Humidity,analog-input,"<analog-input,     110>",Humitat de Sala
FC17\Room Temperature,analog-input,"<analog-input,     111>",Temperatura de Sala
FC17\Selector,analog-output,"<analog-output,     171>","0:Off, 1:Detector, 2:Horari"
FC17\SelGenLoc,binary-output,"<binary-output,      17>","Consigna Aplicada, 0:General, 1:Local"
FC17\SelHorari,analog-output,"<analog-output,     170>",Selector Horari (1-20)
FC17\System Mode,multi-state-input,"<multi-state-input,      36>","Mode de funcionament 1:Off, 2:Auto, 3:Fred, 4:Calor"
FC18\CngaLocalE,analog-output,"<analog-output,     175>",Consigna Local Estiu
FC18\CngaLocalH,analog-output,"<analog-output,     174>",Consigna Local Hivern
FC18\Cooling Output,binary-input,"<binary-input,     126>",Estat Vàlvula
FC18\EffectOcc,multi-state-input,"<multi-state-input,      37>",Estat D'Ocupació
FC18\High Speed Fan Output,binary-input,"<binary-input,     125>",Estat Velocitat Alta Ventilador
FC18\Low SpeedFan Output,binary-input,"<binary-input,     124>",Estat Velocitat Baixa Ventilador
FC18\Medium Speed Fan Output,binary-input,"<binary-input,     127>",Estat Velocitat Mitja Ventilador
FC18\Occupied Cool Setpoint,analog-input,"<analog-input,     115>",Consigna Real Ocupació Fred
FC18\Occupied Heat Setpoint,analog-input,"<analog-input,     114>",Consigna Real Ocupació Calor
FC18\Room Humidity,analog-input,"<analog-input,     113>",Humitat de Sala
FC18\Room Temperature,analog-input,"<analog-input,     112>",Temperatura de Sala
FC18\Selector,analog-output,"<analog-output,     172>","0:Off, 1:Detector, 2:Horari"
FC18\SelGenLoc,binary-output,"<binary-output,      18>","Consigna Aplicada, 0:General, 1:Local"
FC18\SelHorari,analog-output,"<analog-output,     173>",Selector Horari (1-20)
FC18\System Mode,multi-state-input,"<multi-state-input,      38>","Mode de funcionament 1:Off, 2:Auto, 3:Fred, 4:Calor"
FC19\CngaLocalE,analog-output,"<analog-output,     179>",Consigna Local Estiu
FC19\CngaLocalH,analog-output,"<analog-output,     178>",Consigna Local Hivern
FC19\Cooling Output,binary-input,"<binary-input,     130>",Estat Vàlvula
FC19\EffectOcc,multi-state-input,"<multi-state-input,      39>",Estat D'Ocupació
FC19\High Speed Fan Output,binary-input,"<binary-input,     129>",Estat Velocitat Alta Ventilador
FC19\Low SpeedFan Output,binary-input,"<binary-input,     128>",Estat Velocitat Baixa Ventilador
FC19\Medium Speed Fan Output,binary-input,"<binary-input,     131>",Estat Velocitat Mitja Ventilador
FC19\Occupied Cool Setpoint,analog-input,"<analog-input,     119>",Consigna Real Ocupació Fred
FC19\Occupied Heat Setpoint,analog-input,"<analog-input,     118>",Consigna Real Ocupació Calor
FC19\Room Humidity,analog-input,"<analog-input,     117>",Humitat de Sala
FC19\Room Temperature,analog-input,"<analog-input,     116>",Temperatura de Sala
FC19\Selector,analog-output,"<analog-output,     176>","0:Off, 1:Detector, 2:Horari"
FC19\SelGenLoc,binary-output,"<binary-output,      19>","Consigna Aplicada, 0:General, 1:Local"
FC19\SelHorari,analog-output,"<analog-output,     177>",Selector Horari (1-20)
FC19\System Mode,multi-state-input,"<multi-state-input,      40>","Mode de funcionament 1:Off, 2:Auto, 3:Fred, 4:Calor"
FC20\CngaLocalE,analog-output,"<analog-output,     183>",Consigna Local Estiu
FC20\CngaLocalH,analog-output,"<analog-output,     182>",Consigna Local Hivern
FC20\Cooling Output,binary-input,"<binary-input,     134>",Estat Vàlvula
FC20\EffectOcc,multi-state-input,"<multi-state-input,      41>",Estat D'Ocupació
FC20\High Speed Fan Output,binary-input,"<binary-input,     133>",Estat Velocitat Alta Ventilador
FC20\Low SpeedFan Output,binary-input,"<binary-input,     132>",Estat Velocitat Baixa Ventilador
FC20\Medium Speed Fan Output,binary-input,"<binary-input,     135>",Estat Velocitat Mitja Ventilador
FC20\Occupied Cool Setpoint,analog-input,"<analog-input,     123>",Consigna Real Ocupació Fred
FC20\Occupied Heat Setpoint,analog-input,"<analog-input,     122>",Consigna Real Ocupació Calor
FC20\Room Humidity,analog-input,"<analog-input,     121>",Humitat de Sala
FC20\Room Temperature,analog-input,"<analog-input,     120>",Temperatura de Sala
FC20\Selector,analog-output,"<analog-output,     180>","0:Off, 1:Detector, 2:Horari"
FC20\SelGenLoc,binary-output,"<binary-output,      20>","Consigna Aplicada, 0:General, 1:Local"
FC20\SelHorari,analog-output,"<analog-output,     181>",Selector Horari (1-20)
FC20\System Mode,multi-state-input,"<multi-state-input,      42>","Mode de funcionament 1:Off, 2:Auto, 3:Fred, 4:Calor"
FC21\CngaLocalE,analog-output,"<analog-output,     187>",Consigna Local Estiu
FC21\CngaLocalH,analog-output,"<analog-output,     186>",Consigna Local Hivern
FC21\Cooling Output,binary-input,"<binary-input,     138>",Estat Vàlvula
FC21\EffectOcc,multi-state-input,"<multi-state-input,      43>",Estat D'Ocupació
FC21\High Speed Fan Output,binary-input,"<binary-input,     137>",Estat Velocitat Alta Ventilador
FC21\Low SpeedFan Output,binary-input,"<binary-input,     136>",Estat Velocitat Baixa Ventilador
FC21\Medium Speed Fan Output,binary-input,"<binary-input,     139>",Estat Velocitat Mitja Ventilador
FC21\Occupied Cool Setpoint,analog-input,"<analog-input,     126>",Consigna Real Ocupació Fred
FC21\Occupied Heat Setpoint,analog-input,"<analog-input,     125>",Consigna Real Ocupació Calor
FC21\Room Humidity,analog-input,"<analog-input,     124>",Humitat de Sala
FC21\Room Temperature,analog-input,"<analog-input,     127>",Temperatura de Sala
FC21\Selector,analog-output,"<analog-output,     184>","0:Off, 1:Detector, 2:Horari"
FC21\SelGenLoc,binary-output,"<binary-output,      21>","Consigna Aplicada, 0:General, 1:Local"
FC21\SelHorari,analog-output,"<analog-output,     185>",Selector Horari (1-20)
FC21\System Mode,multi-state-input,"<multi-state-input,      44>","Mode de funcionament 1:Off, 2:Auto, 3:Fred, 4:Calor"
FC22\CngaLocalE,analog-output,"<analog-output,     191>",Consigna Local Estiu
FC22\CngaLocalH,analog-output,"<analog-output,     190>",Consigna Local Hivern
FC22\Cooling Output,binary-input,"<binary-input,     142>",Estat Vàlvula
FC22\EffectOcc,multi-state-input,"<multi-state-input,      45>",Estat D'Ocupació
FC22\High Speed Fan Output,binary-input,"<binary-input,     141>",Estat Velocitat Alta Ventilador
FC22\Low SpeedFan Output,binary-input,"<binary-input,     140>",Estat Velocitat Baixa Ventilador
FC22\Medium Speed Fan Output,binary-input,"<binary-input,     143>",Estat Velocitat Mitja Ventilador
FC22\Occupied Cool Setpoint,analog-input,"<analog-input,     131>",Consigna Real Ocupació Fred
FC22\Occupied Heat Setpoint,analog-input,"<analog-input,     130>",Consigna Real Ocupació Calor
FC22\Room Humidity,analog-input,"<analog-input,     129>",Humitat de Sala
FC22\Room Temperature,analog-input,"<analog-input,     128>",Temperatura de Sala
FC22\Selector,analog-output,"<analog-output,     188>","0:Off, 1:Detector, 2:Horari"
FC22\SelGenLoc,binary-output,"<binary-output,      23>","Consigna Aplicada, 0:General, 1:Local"
FC22\SelHorari,analog-output,"<analog-output,     189>",Selector Horari (1-20)
FC22\System Mode,multi-state-input,"<multi-state-input,      46>","Mode de funcionament 1:Off, 2:Auto, 3:Fred, 4:Calor"
FC23\CngaLocalE,analog-output,"<analog-output,     195>",Consigna Local Estiu
FC23\CngaLocalH,analog-output,"<analog-output,     194>",Consigna Local Hivern
FC23\Cooling Output,binary-input,"<binary-input,     146>",Estat Vàlvula
FC23\EffectOcc,multi-state-input,"<multi-state-input,      47>",Estat D'Ocupació
FC23\High Speed Fan Output,binary-input,"<binary-input,     145>",Estat Velocitat Alta Ventilador
FC23\Low SpeedFan Output,binary-input,"<binary-input,     144>",Estat Velocitat Baixa Ventilador
FC23\Medium Speed Fan Output,binary-input,"<binary-input,     147>",Estat Velocitat Mitja Ventilador
FC23\Occupied Cool Setpoint,analog-input,"<analog-input,     135>",Consigna Real Ocupació Fred
FC23\Occupied Heat Setpoint,analog-input,"<analog-input,     134>",Consigna Real Ocupació Calor
FC23\Room Humidity,analog-input,"<analog-input,     133>",Humitat de Sala
FC23\Room Temperature,analog-input,"<analog-input,     132>",Temperatura de Sala
FC23\Selector,analog-output,"<analog-output,     192>","0:Off, 1:Detector, 2:Horari"
FC23\SelGenLoc,binary-output,"<binary-output,      40>","Consigna Aplicada, 0:General, 1:Local"
FC23\SelHorari,analog-output,"<analog-output,     193>",Selector Horari (1-20)
FC23\System Mode,multi-state-input,"<multi-state-input,      48>","Mode de funcionament 1:Off, 2:Auto, 3:Fred, 4:Calor"
FC24\CngaLocalE,analog-output,"<analog-output,     199>",Consigna Local Estiu
FC24\CngaLocalH,analog-output,"<analog-output,     198>",Consigna Local Hivern
FC24\Cooling Output,binary-input,"<binary-input,     150>",Estat Vàlvula
FC24\EffectOcc,multi-state-input,"<multi-state-input,      49>",Estat D'Ocupació
FC24\High Speed Fan Output,binary-input,"<binary-input,     149>",Estat Velocitat Alta Ventilador
FC24\Low SpeedFan Output,binary-input,"<binary-input,     148>",Estat Velocitat Baixa Ventilador
FC24\Medium Speed Fan Output,binary-input,"<binary-input,     151>",Estat Velocitat Mitja Ventilador
FC24\Occupied Cool Setpoint,analog-input,"<analog-input,     139>",Consigna Real Ocupació Fred
FC24\Occupied Heat Setpoint,analog-input,"<analog-input,     138>",Consigna Real Ocupació Calor
FC24\Room Humidity,analog-input,"<analog-input,     137>",Humitat de Sala
FC24\Room Temperature,analog-input,"<analog-input,     136>",Temperatura de Sala
FC24\Selector,analog-output,"<analog-output,     196>","0:Off, 1:Detector, 2:Horari"
FC24\SelGenLoc,binary-output,"<binary-output,      41>","Consigna Aplicada, 0:General, 1:Local"
FC24\SelHorari,analog-output,"<analog-output,     197>",Selector Horari (1-20)
FC24\System Mode,multi-state-input,"<multi-state-input,      50>","Mode de funcionament 1:Off, 2:Auto, 3:Fred, 4:Calor"
FC25\CngaLocalE,analog-output,"<analog-output,     203>",Consigna Local Estiu
FC25\CngaLocalH,analog-output,"<analog-output,     202>",Consigna Local Hivern
FC25\Cooling Output,binary-input,"<binary-input,     154>",Estat Vàlvula
FC25\EffectOcc,multi-state-input,"<multi-state-input,      51>",Estat D'Ocupació
FC25\High Speed Fan Output,binary-input,"<binary-input,     153>",Estat Velocitat Alta Ventilador
FC25\Low SpeedFan Output,binary-input,"<binary-input,     152>",Estat Velocitat Baixa Ventilador
FC25\Medium Speed Fan Output,binary-input,"<binary-input,     155>",Estat Velocitat Mitja Ventilador
FC25\Occupied Cool Setpoint,analog-input,"<analog-input,     143>",Consigna Real Ocupació Fred
FC25\Occupied Heat Setpoint,analog-input,"<analog-input,     142>",Consigna Real Ocupació Calor
FC25\Room Humidity,analog-input,"<analog-input,     141>",Humitat de Sala
FC25\Room Temperature,analog-input,"<analog-input,     140>",Temperatura de Sala
FC25\Selector,analog-output,"<analog-output,     200>","0:Off, 1:Detector, 2:Horari"
FC25\SelGenLoc,binary-output,"<binary-output,      48>","Consigna Aplicada, 0:General, 1:Local"
FC25\SelHorari,analog-output,"<analog-output,     201>",Selector Horari (1-20)
FC25\System Mode,multi-state-input,"<multi-state-input,      52>","Mode de funcionament 1:Off, 2:Auto, 3:Fred, 4:Calor"
FC26\CngaLocalE,analog-output,"<analog-output,     207>",Consigna Local Estiu
FC26\CngaLocalH,analog-output,"<analog-output,     206>",Consigna Local Hivern
FC26\Cooling Output,binary-input,"<binary-input,     158>",Estat Vàlvula
FC26\EffectOcc,multi-state-input,"<multi-state-input,      53>",Estat D'Ocupació
FC26\High Speed Fan Output,binary-input,"<binary-input,     157>",Estat Velocitat Alta Ventilador
FC26\Low SpeedFan Output,binary-input,"<binary-input,     156>",Estat Velocitat Baixa Ventilador
FC26\Medium Speed Fan Output,binary-input,"<binary-input,     159>",Estat Velocitat Mitja Ventilador
FC26\Occupied Cool Setpoint,analog-input,"<analog-input,     147>",Consigna Real Ocupació Fred
FC26\Occupied Heat Setpoint,analog-input,"<analog-input,     146>",Consigna Real Ocupació Calor
FC26\Room Humidity,analog-input,"<analog-input,     145>",Humitat de Sala
FC26\Room Temperature,analog-input,"<analog-input,     144>",Temperatura de Sala
FC26\Selector,analog-output,"<analog-output,     204>","0:Off, 1:Detector, 2:Horari"
FC26\SelGenLoc,binary-output,"<binary-output,      49>","Consigna Aplicada, 0:General, 1:Local"
FC26\SelHorari,analog-output,"<analog-output,     205>",Selector Horari (1-20)
FC26\System Mode,multi-state-input,"<multi-state-input,      54>","Mode de funcionament 1:Off, 2:Auto, 3:Fred, 4:Calor"
FC27\CngaLocalE,analog-output,"<analog-output,     211>",Consigna Local Estiu
FC27\CngaLocalH,analog-output,"<analog-output,     210>",Consigna Local Hivern
FC27\Cooling Output,binary-input,"<binary-input,     162>",Estat Vàlvula
FC27\EffectOcc,multi-state-input,"<multi-state-input,      55>",Estat D'Ocupació
FC27\High Speed Fan Output,binary-input,"<binary-input,     161>",Estat Velocitat Alta Ventilador
FC27\Low SpeedFan Output,binary-input,"<binary-input,     160>",Estat Velocitat Baixa Ventilador
FC27\Medium Speed Fan Output,binary-input,"<binary-input,     163>",Estat Velocitat Mitja Ventilador
FC27\Occupied Cool Setpoint,analog-input,"<analog-input,     151>",Consigna Real Ocupació Fred
FC27\Occupied Heat Setpoint,analog-input,"<analog-input,     150>",Consigna Real Ocupació Calor
FC27\Room Humidity,analog-input,"<analog-input,     149>",Humitat de Sala
FC27\Room Temperature,analog-input,"<analog-input,     148>",Temperatura de Sala
FC27\Selector,analog-output,"<analog-output,     208>","0:Off, 1:Detector, 2:Horari"
FC27\SelGenLoc,binary-output,"<binary-output,      50>","Consigna Aplicada, 0:General, 1:Local"
FC27\SelHorari,analog-output,"<analog-output,     209>",Selector Horari (1-20)
FC27\System Mode,multi-state-input,"<multi-state-input,      56>","Mode de funcionament 1:Off, 2:Auto, 3:Fred, 4:Calor"
FC28\CngaLocalE,analog-output,"<analog-output,     215>",Consigna Local Estiu
FC28\CngaLocalH,analog-output,"<analog-output,     214>",Consigna Local Hivern
FC28\Cooling Output,binary-input,"<binary-input,     166>",Estat Vàlvula
FC28\EffectOcc,multi-state-input,"<multi-state-input,      57>",Estat D'Ocupació
FC28\High Speed Fan Output,binary-input,"<binary-input,     165>",Estat Velocitat Alta Ventilador
FC28\Low SpeedFan Output,binary-input,"<binary-input,     164>",Estat Velocitat Baixa Ventilador
FC28\Medium Speed Fan Output,binary-input,"<binary-input,     167>",Estat Velocitat Mitja Ventilador
FC28\Occupied Cool Setpoint,analog-input,"<analog-input,     155>",Consigna Real Ocupació Fred
FC28\Occupied Heat Setpoint,analog-input,"<analog-input,     154>",Consigna Real Ocupació Calor
FC28\Room Humidity,analog-input,"<analog-input,     153>",Humitat de Sala
FC28\Room Temperature,analog-input,"<analog-input,     152>",Temperatura de Sala
FC28\Selector,analog-output,"<analog-output,     212>","0:Off, 1:Detector, 2:Horari"
FC28\SelGenLoc,binary-output,"<binary-output,      51>","Consigna Aplicada, 0:General, 1:Local"
FC28\SelHorari,analog-output,"<analog-output,     213>",Selector Horari (1-20)
FC28\System Mode,multi-state-input,"<multi-state-input,      58>","Mode de funcionament 1:Off, 2:Auto, 3:Fred, 4:Calor"
FC29\CngaLocalE,analog-output,"<analog-output,     219>",Consigna Local Estiu
FC29\CngaLocalH,analog-output,"<analog-output,     218>",Consigna Local Hivern
FC29\Cooling Output,binary-input,"<binary-input,     170>",Estat Vàlvula
FC29\EffectOcc,multi-state-input,"<multi-state-input,      59>",Estat D'Ocupació
FC29\High Speed Fan Output,binary-input,"<binary-input,     169>",Estat Velocitat Alta Ventilador
FC29\Low SpeedFan Output,binary-input,"<binary-input,     168>",Estat Velocitat Baixa Ventilador
FC29\Medium Speed Fan Output,binary-input,"<binary-input,     171>",Estat Velocitat Mitja Ventilador
FC29\Occupied Cool Setpoint,analog-input,"<analog-input,     159>",Consigna Real Ocupació Fred
FC29\Occupied Heat Setpoint,analog-input,"<analog-input,     158>",Consigna Real Ocupació Calor
FC29\Room Humidity,analog-input,"<analog-input,     157>",Humitat de Sala
FC29\Room Temperature,analog-input,"<analog-input,     156>",Temperatura de Sala
FC29\Selector,analog-output,"<analog-output,     216>","0:Off, 1:Detector, 2:Horari"
FC29\SelGenLoc,binary-output,"<binary-output,      52>","Consigna Aplicada, 0:General, 1:Local"
FC29\SelHorari,analog-output,"<analog-output,     217>",Selector Horari (1-20)
FC29\System Mode,multi-state-input,"<multi-state-input,      60>","Mode de funcionament 1:Off, 2:Auto, 3:Fred, 4:Calor"
FC30\CngaLocalE,analog-output,"<analog-output,     223>",Consigna Local Estiu
FC30\CngaLocalH,analog-output,"<analog-output,     222>",Consigna Local Hivern
FC30\Cooling Output,binary-input,"<binary-input,     175>",Estat Vàlvula
FC30\EffectOcc,multi-state-input,"<multi-state-input,      62>",Estat D'Ocupació
FC30\High Speed Fan Output,binary-input,"<binary-input,     174>",Estat Velocitat Alta Ventilador
FC30\Low SpeedFan Output,binary-input,"<binary-input,     173>",Estat Velocitat Baixa Ventilador
FC30\Medium Speed Fan Output,binary-input,"<binary-input,     172>",Estat Velocitat Mitja Ventilador
FC30\Occupied Cool Setpoint,analog-input,"<analog-input,     163>",Consigna Real Ocupació Fred
FC30\Occupied Heat Setpoint,analog-input,"<analog-input,     162>",Consigna Real Ocupació Calor
FC30\Room Humidity,analog-input,"<analog-input,     161>",Humitat de Sala
FC30\Room Temperature,analog-input,"<analog-input,     160>",Temperatura de Sala
FC30\Selector,analog-output,"<analog-output,     220>","0:Off, 1:Detector, 2:Horari"
FC30\SelGenLoc,binary-output,"<binary-output,      53>","Consigna Aplicada, 0:General, 1:Local"
FC30\SelHorari,analog-output,"<analog-output,     221>",Selector Horari (1-20)
FC30\System Mode,multi-state-input,"<multi-state-input,      61>","Mode de funcionament 1:Off, 2:Auto, 3:Fred, 4:Calor"
FC31\CngaLocalE,analog-output,"<analog-output,     224>",Consigna Local Estiu
FC31\CngaLocalH,analog-output,"<analog-output,     225>",Consigna Local Hivern
FC31\Cooling Output,binary-input,"<binary-input,     176>",Estat Vàlvula
FC31\EffectOcc,multi-state-input,"<multi-state-input,      63>",Estat D'Ocupació
FC31\High Speed Fan Output,binary-input,"<binary-input,     177>",Estat Velocitat Alta Ventilador
FC31\Low SpeedFan Output,binary-input,"<binary-input,     178>",Estat Velocitat Baixa Ventilador
FC31\Medium Speed Fan Output,binary-input,"<binary-input,     179>",Estat Velocitat Mitja Ventilador
FC31\Occupied Cool Setpoint,analog-input,"<analog-input,     164>",Consigna Real Ocupació Fred
FC31\Occupied Heat Setpoint,analog-input,"<analog-input,     165>",Consigna Real Ocupació Calor
FC31\Room Humidity,analog-input,"<analog-input,     166>",Humitat de Sala
FC31\Room Temperature,analog-input,"<analog-input,     167>",Temperatura de Sala
FC31\Selector,analog-output,"<analog-output,     227>","0:Off, 1:Detector, 2:Horari"
FC31\SelGenLoc,binary-output,"<binary-output,      54>","Consigna Aplicada, 0:General, 1:Local"
FC31\SelHorari,analog-output,"<analog-output,     226>",Selector Horari (1-20)
FC31\System Mode,multi-state-input,"<multi-state-input,      64>","Mode de funcionament 1:Off, 2:Auto, 3:Fred, 4:Calor"
FC32\CngaLocalE,analog-output,"<analog-output,     231>",Consigna Local Estiu
FC32\CngaLocalH,analog-output,"<analog-output,     230>",Consigna Local Hivern
FC32\Cooling Output,binary-input,"<binary-input,     182>",Estat Vàlvula
FC32\EffectOcc,multi-state-input,"<multi-state-input,      65>",Estat D'Ocupació
FC32\High Speed Fan Output,binary-input,"<binary-input,     181>",Estat Velocitat Alta Ventilador
FC32\Low SpeedFan Output,binary-input,"<binary-input,     180>",Estat Velocitat Baixa Ventilador
FC32\Medium Speed Fan Output,binary-input,"<binary-input,     183>",Estat Velocitat Mitja Ventilador
FC32\Occupied Cool Setpoint,analog-input,"<analog-input,     171>",Consigna Real Ocupació Fred
FC32\Occupied Heat Setpoint,analog-input,"<analog-input,     170>",Consigna Real Ocupació Calor
FC32\Room Humidity,analog-input,"<analog-input,     169>",Humitat de Sala
FC32\Room Temperature,analog-input,"<analog-input,     168>",Temperatura de Sala
FC32\Selector,analog-output,"<analog-output,     228>","0:Off, 1:Detector, 2:Horari"
FC32\SelGenLoc,binary-output,"<binary-output,      55>","Consigna Aplicada, 0:General, 1:Local"
FC32\SelHorari,analog-output,"<analog-output,     229>",Selector Horari (1-20)
FC32\System Mode,multi-state-input,"<multi-state-input,      66>","Mode de funcionament 1:Off, 2:Auto, 3:Fred, 4:Calor"
FC33\CngaLocalE,analog-output,"<analog-output,     235>",Consigna Local Estiu
FC33\CngaLocalH,analog-output,"<analog-output,     234>",Consigna Local Hivern
FC33\Cooling Output,binary-input,"<binary-input,     186>",Estat Vàlvula
FC33\EffectOcc,multi-state-input,"<multi-state-input,      67>",Estat D'Ocupació
FC33\High Speed Fan Output,binary-input,"<binary-input,     185>",Estat Velocitat Alta Ventilador
FC33\Low SpeedFan Output,binary-input,"<binary-input,     184>",Estat Velocitat Baixa Ventilador
FC33\Medium Speed Fan Output,binary-input,"<binary-input,     187>",Estat Velocitat Mitja Ventilador
FC33\Occupied Cool Setpoint,analog-input,"<analog-input,     174>",Consigna Real Ocupació Fred
FC33\Occupied Heat Setpoint,analog-input,"<analog-input,     173>",Consigna Real Ocupació Calor
FC33\Room Humidity,analog-input,"<analog-input,     172>",Humitat de Sala
FC33\Room Temperature,analog-input,"<analog-input,     175>",Temperatura de Sala
FC33\Selector,analog-output,"<analog-output,     232>","0:Off, 1:Detector, 2:Horari"
FC33\SelGenLoc,binary-output,"<binary-output,      56>","Consigna Aplicada, 0:General, 1:Local"
FC33\SelHorari,analog-output,"<analog-output,     233>",Selector Horari (1-20)
FC33\System Mode,multi-state-input,"<multi-state-input,      68>","Mode de funcionament 1:Off, 2:Auto, 3:Fred, 4:Calor"
FC34\CngaLocalE,analog-output,"<analog-output,     239>",Consigna Local Estiu
FC34\CngaLocalH,analog-output,"<analog-output,     238>",Consigna Local Hivern
FC34\Cooling Output,binary-input,"<binary-input,     190>",Estat Vàlvula
FC34\EffectOcc,multi-state-input,"<multi-state-input,      69>",Estat D'Ocupació
FC34\High Speed Fan Output,binary-input,"<binary-input,     189>",Estat Velocitat Alta Ventilador
FC34\Low SpeedFan Output,binary-input,"<binary-input,     188>",Estat Velocitat Baixa Ventilador
FC34\Medium Speed Fan Output,binary-input,"<binary-input,     191>",Estat Velocitat Mitja Ventilador
FC34\Occupied Cool Setpoint,analog-input,"<analog-input,     179>",Consigna Real Ocupació Fred
FC34\Occupied Heat Setpoint,analog-input,"<analog-input,     178>",Consigna Real Ocupació Calor
FC34\Room Humidity,analog-input,"<analog-input,     177>",Humitat de Sala
FC34\Room Temperature,analog-input,"<analog-input,     176>",Temperatura de Sala
FC34\Selector,analog-output,"<analog-output,     236>","0:Off, 1:Detector, 2:Horari"
FC34\SelGenLoc,binary-output,"<binary-output,      57>","Consigna Aplicada, 0:General, 1:Local"
FC34\SelHorari,analog-output,"<analog-output,     237>",Selector Horari (1-20)
FC34\System Mode,multi-state-input,"<multi-state-input,      70>","Mode de funcionament 1:Off, 2:Auto, 3:Fred, 4:Calor"
FC35\CngaLocalE,analog-output,"<analog-output,     243>",Consigna Local Estiu
FC35\CngaLocalH,analog-output,"<analog-output,     242>",Consigna Local Hivern
FC35\Cooling Output,binary-input,"<binary-input,     194>",Estat Vàlvula
FC35\EffectOcc,multi-state-input,"<multi-state-input,      71>",Estat D'Ocupació
FC35\High Speed Fan Output,binary-input,"<binary-input,     193>",Estat Velocitat Alta Ventilador
FC35\Low SpeedFan Output,binary-input,"<binary-input,     192>",Estat Velocitat Baixa Ventilador
FC35\Medium Speed Fan Output,binary-input,"<binary-input,     195>",Estat Velocitat Mitja Ventilador
FC35\Occupied Cool Setpoint,analog-input,"<analog-input,     183>",Consigna Real Ocupació Fred
FC35\Occupied Heat Setpoint,analog-input,"<analog-input,     182>",Consigna Real Ocupació Calor
FC35\Room Humidity,analog-input,"<analog-input,     181>",Humitat de Sala
FC35\Room Temperature,analog-input,"<analog-input,     180>",Temperatura de Sala
FC35\Selector,analog-output,"<analog-output,     240>","0:Off, 1:Detector, 2:Horari"
FC35\SelGenLoc,binary-output,"<binary-output,      58>","Consigna Aplicada, 0:General, 1:Local"
FC35\SelHorari,analog-output,"<analog-output,     241>",Selector Horari (1-20)
FC35\System Mode,multi-state-input,"<multi-state-input,      72>","Mode de funcionament 1:Off, 2:Auto, 3:Fred, 4:Calor"
FC36\CngaLocalE,analog-output,"<analog-output,     247>",Consigna Local Estiu
FC36\CngaLocalH,analog-output,"<analog-output,     246>",Consigna Local Hivern
FC36\Cooling Output,binary-input,"<binary-input,     198>",Estat Vàlvula
FC36\EffectOcc,multi-state-input,"<multi-state-input,      73>",Estat D'Ocupació
FC36\High Speed Fan Output,binary-input,"<binary-input,     197>",Estat Velocitat Alta Ventilador
FC36\Low SpeedFan Output,binary-input,"<binary-input,     196>",Estat Velocitat Baixa Ventilador
FC36\Medium Speed Fan Output,binary-input,"<binary-input,     199>",Estat Velocitat Mitja Ventilador
FC36\Occupied Cool Setpoint,analog-input,"<analog-input,     187>",Consigna Real Ocupació Fred
FC36\Occupied Heat Setpoint,analog-input,"<analog-input,     186>",Consigna Real Ocupació Calor
FC36\Room Humidity,analog-input,"<analog-input,     185>",Humitat de Sala
FC36\Room Temperature,analog-input,"<analog-input,     184>",Temperatura de Sala
FC36\Selector,analog-output,"<analog-output,     244>","0:Off, 1:Detector, 2:Horari"
FC36\SelGenLoc,binary-output,"<binary-output,      59>","Consigna Aplicada, 0:General, 1:Local"
FC36\SelHorari,analog-output,"<analog-output,     245>",Selector Horari (1-20)
FC36\System Mode,multi-state-input,"<multi-state-input,      74>","Mode de funcionament 1:Off, 2:Auto, 3:Fred, 4:Calor"
FC37\CngaLocalE,analog-output,"<analog-output,     251>",Consigna Local Estiu
FC37\CngaLocalH,analog-output,"<analog-output,     250>",Consigna Local Hivern
FC37\Cooling Output,binary-input,"<binary-input,     202>",Estat Vàlvula
FC37\EffectOcc,multi-state-input,"<multi-state-input,      75>",Estat D'Ocupació
FC37\High Speed Fan Output,binary-input,"<binary-input,     201>",Estat Velocitat Alta Ventilador
FC37\Low SpeedFan Output,binary-input,"<binary-input,     200>",Estat Velocitat Baixa Ventilador
FC37\Medium Speed Fan Output,binary-input,"<binary-input,     203>",Estat Velocitat Mitja Ventilador
FC37\Occupied Cool Setpoint,analog-input,"<analog-input,     191>",Consigna Real Ocupació Fred
FC37\Occupied Heat Setpoint,analog-input,"<analog-input,     190>",Consigna Real Ocupació Calor
FC37\Room Humidity,analog-input,"<analog-input,     189>",Humitat de Sala
FC37\Room Temperature,analog-input,"<analog-input,     188>",Temperatura de Sala
FC37\Selector,analog-output,"<analog-output,     248>","0:Off, 1:Detector, 2:Horari"
FC37\SelGenLoc,binary-output,"<binary-output,      60>","Consigna Aplicada, 0:General, 1:Local"
FC37\SelHorari,analog-output,"<analog-output,     249>",Selector Horari (1-20)
FC37\System Mode,multi-state-input,"<multi-state-input,      76>","Mode de funcionament 1:Off, 2:Auto, 3:Fred, 4:Calor"
FC38\CngaLocalE,analog-output,"<analog-output,     255>",Consigna Local Estiu
FC38\CngaLocalH,analog-output,"<analog-output,     254>",Consigna Local Hivern
FC38\Cooling Output,binary-input,"<binary-input,     206>",Estat Vàlvula
FC38\EffectOcc,multi-state-input,"<multi-state-input,      77>",Estat D'Ocupació
FC38\High Speed Fan Output,binary-input,"<binary-input,     205>",Estat Velocitat Alta Ventilador
FC38\Low SpeedFan Output,binary-input,"<binary-input,     204>",Estat Velocitat Baixa Ventilador
FC38\Medium Speed Fan Output,binary-input,"<binary-input,     207>",Estat Velocitat Mitja Ventilador
FC38\Occupied Cool Setpoint,analog-input,"<analog-input,     195>",Consigna Real Ocupació Fred
FC38\Occupied Heat Setpoint,analog-input,"<analog-input,     194>",Consigna Real Ocupació Calor
FC38\Room Humidity,analog-input,"<analog-input,     193>",Humitat de Sala
FC38\Room Temperature,analog-input,"<analog-input,     192>",Temperatura de Sala
FC38\Selector,analog-output,"<analog-output,     252>","0:Off, 1:Detector, 2:Horari"
FC38\SelGenLoc,binary-output,"<binary-output,      61>","Consigna Aplicada, 0:General, 1:Local"
FC38\SelHorari,analog-output,"<analog-output,     253>",Selector Horari (1-20)
FC38\System Mode,multi-state-input,"<multi-state-input,      78>","Mode de funcionament 1:Off, 2:Auto, 3:Fred, 4:Calor"
FC39\CngaLocalE,analog-output,"<analog-output,     112>",Consigna Local Estiu
FC39\CngaLocalH,analog-output,"<analog-output,     113>",Consigna Local Hivern
FC39\Cooling Output,binary-input,"<binary-input,      64>",Estat Vàlvula
FC39\EffectOcc,multi-state-input,"<multi-state-input,       7>",Estat D'Ocupació
FC39\High Speed Fan Output,binary-input,"<binary-input,      65>",Estat Velocitat Alta Ventilador
FC39\Low SpeedFan Output,binary-input,"<binary-input,      66>",Estat Velocitat Baixa Ventilador
FC39\Medium Speed Fan Output,binary-input,"<binary-input,      67>",Estat Velocitat Mitja Ventilador
FC39\Occupied Cool Setpoint,analog-input,"<analog-input,      52>",Consigna Real Ocupació Fred
FC39\Occupied Heat Setpoint,analog-input,"<analog-input,      53>",Consigna Real Ocupació Calor
FC39\Room Humidity,analog-input,"<analog-input,      54>",Humitat de Sala
FC39\Room Temperature,analog-input,"<analog-input,      55>",Temperatura de Sala
FC39\Selector,analog-output,"<analog-output,     115>","0:Off, 1:Detector, 2:Horari"
FC39\SelGenLoc,binary-output,"<binary-output,       3>","Consigna Aplicada, 0:General, 1:Local"
FC39\SelHorari,analog-output,"<analog-output,     114>",Selector Horari (1-20)
FC39\System Mode,multi-state-input,"<multi-state-input,       8>","Mode de funcionament 1:Off, 2:Auto, 3:Fred, 4:Calor"
FC40\CngaLocalE,analog-output,"<analog-output,     259>",Consigna Local Estiu
FC40\CngaLocalH,analog-output,"<analog-output,     258>",Consigna Local Hivern
FC40\Cooling Output,binary-input,"<binary-input,     210>",Estat Vàlvula
FC40\EffectOcc,multi-state-input,"<multi-state-input,      79>",Estat D'Ocupació
FC40\High Speed Fan Output,binary-input,"<binary-input,     209>",Estat Velocitat Alta Ventilador
FC40\Low SpeedFan Output,binary-input,"<binary-input,     208>",Estat Velocitat Baixa Ventilador
FC40\Medium Speed Fan Output,binary-input,"<binary-input,     211>",Estat Velocitat Mitja Ventilador
FC40\Occupied Cool Setpoint,analog-input,"<analog-input,     199>",Consigna Real Ocupació Fred
FC40\Occupied Heat Setpoint,analog-input,"<analog-input,     198>",Consigna Real Ocupació Calor
FC40\Room Humidity,analog-input,"<analog-input,     197>",Humitat de Sala
FC40\Room Temperature,analog-input,"<analog-input,     196>",Temperatura de Sala
FC40\Selector,analog-output,"<analog-output,     256>","0:Off, 1:Detector, 2:Horari"
FC40\SelGenLoc,binary-output,"<binary-output,      62>","Consigna Aplicada, 0:General, 1:Local"
FC40\SelHorari,analog-output,"<analog-output,     257>",Selector Horari (1-20)
FC40\System Mode,multi-state-input,"<multi-state-input,      80>","Mode de funcionament 1:Off, 2:Auto, 3:Fred, 4:Calor"
FC41\CngaLocalE,analog-output,"<analog-output,     263>",Consigna Local Estiu
FC41\CngaLocalH,analog-output,"<analog-output,     262>",Consigna Local Hivern
FC41\Cooling Output,binary-input,"<binary-input,     214>",Estat Vàlvula
FC41\EffectOcc,multi-state-input,"<multi-state-input,      81>",Estat D'Ocupació
FC41\High Speed Fan Output,binary-input,"<binary-input,     213>",Estat Velocitat Alta Ventilador
FC41\Low SpeedFan Output,binary-input,"<binary-input,     212>",Estat Velocitat Baixa Ventilador
FC41\Medium Speed Fan Output,binary-input,"<binary-input,     215>",Estat Velocitat Mitja Ventilador
FC41\Occupied Cool Setpoint,analog-input,"<analog-input,     203>",Consigna Real Ocupació Fred
FC41\Occupied Heat Setpoint,analog-input,"<analog-input,     202>",Consigna Real Ocupació Calor
FC41\Room Humidity,analog-input,"<analog-input,     201>",Humitat de Sala
FC41\Room Temperature,analog-input,"<analog-input,     200>",Temperatura de Sala
FC41\Selector,analog-output,"<analog-output,     260>","0:Off, 1:Detector, 2:Horari"
FC41\SelGenLoc,binary-output,"<binary-output,      63>","Consigna Aplicada, 0:General, 1:Local"
FC41\SelHorari,analog-output,"<analog-output,     261>",Selector Horari (1-20)
FC41\System Mode,multi-state-input,"<multi-state-input,      82>","Mode de funcionament 1:Off, 2:Auto, 3:Fred, 4:Calor"
FC42\CngaLocalE,analog-output,"<analog-output,     267>",Consigna Local Estiu
FC42\CngaLocalH,analog-output,"<analog-output,     266>",Consigna Local Hivern
FC42\Cooling Output,binary-input,"<binary-input,     218>",Estat Vàlvula
FC42\EffectOcc,multi-state-input,"<multi-state-input,      83>",Estat D'Ocupació
FC42\High Speed Fan Output,binary-input,"<binary-input,     217>",Estat Velocitat Alta Ventilador
FC42\Low SpeedFan Output,binary-input,"<binary-input,     216>",Estat Velocitat Baixa Ventilador
FC42\Medium Speed Fan Output,binary-input,"<binary-input,     219>",Estat Velocitat Mitja Ventilador
FC42\Occupied Cool Setpoint,analog-input,"<analog-input,     207>",Consigna Real Ocupació Fred
FC42\Occupied Heat Setpoint,analog-input,"<analog-input,     206>",Consigna Real Ocupació Calor
FC42\Room Humidity,analog-input,"<analog-input,     205>",Humitat de Sala
FC42\Room Temperature,analog-input,"<analog-input,     204>",Temperatura de Sala
FC42\Selector,analog-output,"<analog-output,     264>","0:Off, 1:Detector, 2:Horari"
FC42\SelGenLoc,binary-output,"<binary-output,      64>","Consigna Aplicada, 0:General, 1:Local"
FC42\SelHorari,analog-output,"<analog-output,     265>",Selector Horari (1-20)
FC42\System Mode,multi-state-input,"<multi-state-input,      84>","Mode de funcionament 1:Off, 2:Auto, 3:Fred, 4:Calor"
FC43\CngaLocalE,analog-output,"<analog-output,     271>",Consigna Local Estiu
FC43\CngaLocalH,analog-output,"<analog-output,     270>",Consigna Local Hivern
FC43\Cooling Output,binary-input,"<binary-input,     222>",Estat Vàlvula
FC43\EffectOcc,multi-state-input,"<multi-state-input,      85>",Estat D'Ocupació
FC43\High Speed Fan Output,binary-input,"<binary-input,     221>",Estat Velocitat Alta Ventilador
FC43\Low SpeedFan Output,binary-input,"<binary-input,     220>",Estat Velocitat Baixa Ventilador
FC43\Medium Speed Fan Output,binary-input,"<binary-input,     223>",Estat Velocitat Mitja Ventilador
FC43\Occupied Cool Setpoint,analog-input,"<analog-input,     211>",Consigna Real Ocupació Fred
FC43\Occupied Heat Setpoint,analog-input,"<analog-input,     210>",Consigna Real Ocupació Calor
FC43\Room Humidity,analog-input,"<analog-input,     209>",Humitat de Sala
FC43\Room Temperature,analog-input,"<analog-input,     208>",Temperatura de Sala
FC43\Selector,analog-output,"<analog-output,     268>","0:Off, 1:Detector, 2:Horari"
FC43\SelGenLoc,binary-output,"<binary-output,      65>","Consigna Aplicada, 0:General, 1:Local"
FC43\SelHorari,analog-output,"<analog-output,     269>",Selector Horari (1-20)
FC43\System Mode,multi-state-input,"<multi-state-input,      86>","Mode de funcionament 1:Off, 2:Auto, 3:Fred, 4:Calor"
ACL56\AMP L1,analog-input,"<analog-input,     212>",
ACL56\AMP L2,analog-input,"<analog-input,     213>",
ACL56\AMP L3,analog-input,"<analog-input,     214>",
ACL56\AMP N,analog-input,"<analog-input,     215>",
ACL56\Factor Potencia,analog-input,"<analog-input,     219>",
ACL56\kWh_Totals,analog-input,"<analog-input,     221>",
ACL56\Potencia,analog-input,"<analog-input,     220>",
ACL56\VOLT L1-N,analog-input,"<analog-input,     216>",
ACL56\VOLT L2-N,analog-input,"<analog-input,     217>",
ACL56\VOLT L3-N,analog-input,"<analog-input,     218>",
AGeneral\AMP L1,analog-input,"<analog-input,     222>",
AGeneral\AMP L2,analog-input,"<analog-input,     223>",
AGeneral\AMP L3,analog-input,"<analog-input,     224>",
AGeneral\AMP N,analog-input,"<analog-input,     225>",
AGeneral\Cos Phi,analog-input,"<analog-input,     226>",
AGeneral\Energia Activa kWh,analog-input,"<analog-input,     227>",
AGeneral\Energia Aparente kWh,analog-input,"<analog-input,     228>",
AGeneral\Energia Reactiva Capacitativa kWh,analog-input,"<analog-input,     229>",
AGeneral\Energia Reactiva Inductiva kWh,analog-input,"<analog-input,     230>",
AGeneral\fACTOR POTENCIA,analog-input,"<analog-input,     231>",
AGeneral\Potencia Capacitativa III kW,analog-input,"<analog-input,     232>",
AGeneral\Potencia III kW,analog-input,"<analog-input,     233>",
AGeneral\Potencia Inductiva III kW,analog-input,"<analog-input,     234>",
AGeneral\VOLT L1-N,analog-input,"<analog-input,     235>",
AGeneral\VOLT L2-N,analog-input,"<analog-input,     236>",
AGeneral\VOLT L3-N,analog-input,"<analog-input,     237>",
APlantaFred\AMP L1,analog-input,"<analog-input,     238>",
APlantaFred\AMP L2,analog-input,"<analog-input,     239>",
APlantaFred\AMP L3,analog-input,"<analog-input,     240>",
APlantaFred\AMP N,analog-input,"<analog-input,     241>",
APlantaFred\Factor Potencia,analog-input,"<analog-input,     245>",
APlantaFred\kWh_Totals,analog-input,"<analog-input,     247>",
APlantaFred\Potencia,analog-input,"<analog-input,     246>",
APlantaFred\VOLT L1-N,analog-input,"<analog-input,     242>",
APlantaFred\VOLT L2-N,analog-input,"<analog-input,     243>",
APlantaFred\VOLT L3-N,analog-input,"<analog-input,     244>",
Tª Exterior Zigbee,analog-input,"<analog-input,     248>",Tª Exterior Zigbee
Consum General GAS Zigbee,analog-input,"<analog-input,     249>",Consum de GAS en m3 Zigbee
HR Ambient PB Zigbee,analog-input,"<analog-input,     250>",HR Ambient PB Zigbee
HR Exterior Zigbee,analog-input,"<analog-input,     251>",HR Exterior Zigbee
Tª Ambient PB Zigbee,analog-input,"<analog-input,     252>",Tª Ambient PB Zigbee
Tª Diposit ACS Zigbee,analog-input,"<analog-input,     253>",Tª Diposit ACS Zigbee
